{"cameraMode":{"drawMode":0,"name":"Shaded","section":"Shading Mode"},"sceneLighting":true,"audioPlay":false,"sceneViewState":{"m_AlwaysRefresh":false,"showFog":true,"showSkybox":true,"showFlares":true,"showImageEffects":true,"showParticleSystems":true,"showVisualEffectGraphs":true,"m_FxEnabled":true},"in2DMode":false,"pivot":{"x":3.558452844619751,"y":-1.9170539379119874,"z":1.1307172775268555},"rotation":{"x":0.45366689562797549,"y":-0.22551974654197694,"z":0.1198463961482048,"w":0.8538373708724976},"size":2.095385789871216,"orthographic":false}